1,出
2,思
3,尖
4,默
5,兵
6,豪
7,省
8,全
9,拿
10,田
11,化
12,闷
13,哭
14,袭
15,淮
16,回
17,晶
18,雷
19,明
20,闹
21,闪
22,输
23,素
24,息
25,伯
26,大
27,拿
28,肉
29,夷
30,告
31,交
32,奈
33,料
34,脂
35,王
36,汁
37,白
38,多
39,佳
40,旨
41,吉
42,生
43,器
44,秋
45,花
46,鸠
47,旭
48,轨
49,丸
50,立
51,一
52,言
53,米
54,力
55,仕
56,斗
57,朝
58,克
59,目
60,顺
61,卡
62,卡
63,田
64,天
65,雪
66,妙
67,岳
68,吻
69,吕
70,陌
71,梧
72,平
73,八
74,北
75,人
76,晦
77,二
78,明
79,必
80,抱
81,斌
82,昌
83,汞
84,受
85,歌
86,伴
87,胖
88,值
89,胡
90,樊
91,心
92,步
93,十
94,相
95,夕
96,引
97,九
98,士
99,者
100,鲜
101,相
102,救
103,觉
104,唬
105,狮
106,芦
107,盔
108,谟
109,若
110,韦
111,谤
112,瑰
113,眯
114,瞄
115,淄
116,要
117,阂
118,舒
119,荐
120,茎
121,孩
122,臼
123,秋
124,汕
125,卜
126,汗
127,午
128,短
129,买
130,府
131,赫
132,笳
133,面
134,心
135,惯
136,王
137,学
138,吉
139,豪
140,兽
141,三
142,必
143,告
144,哀
145,名
146,帅
147,厂
148,寿
149,曹
150,夷
151,众
152,夹
153,旦
154,控
155,必
156,忐
157,懒
158,多
159,大
160,交
161,料
162,脂
163,王
164,汁
165,白
166,佳
167,旨
168,生
169,鸠
170,旭
171,轨
172,丸
173,立
174,米
175,力
176,仕
177,斗
178,朝
179,克
180,目
181,顺
182,卡
183,田
184,妙
185,吕
186,陌
187,梧
188,平
189,八
190,北
191,人
192,晦
193,明
194,必
195,抱
196,斌
197,昌
198,歌
199,伴
200,心
201,步
202,十
203,夕
204,引
205,九
206,者
207,鲜
208,玲
209,几
210,文
211,沐
212,湘
213,汁
214,卉
215,尽
216,迕
217,国
218,王
219,夺
220,衬
221,射
222,过
223,忖
224,忖
225,克
226,茄
227,居
228,芹
229,斤
230,斥
231,走
232,洵
233,询
234,汁
235,胖
236,胖
237,压
238,朝
239,矗
240,岩
241,回
242,磊
243,天
244,倡
245,付
246,告
247,坦
248,封
249,旦
250,刮
251,少
252,乖
253,金
254,鸟
255,阅
256,响
257,响
258,们
259,合
260,辈
261,慎
262,直
263,皓
264,钦
265,早
266,茶
267,苏
268,丑
269,饺
270,欲
271,法
272,吕
273,早
274,认
275,活
276,四
277,可
278,批
279,瞄
280,杰
281,大
282,拿
283,肉
284,夹
285,夷
286,告
287,交
288,奈
289,料
290,脂
291,王
292,臼
293,汁
294,白
295,多
296,佳
297,旨
298,吉
299,兽
300,面
301,生
302,器
303,必
304,府
305,汕
306,秋
307,货
308,花
309,晶
310,实
311,景
312,鸠
313,旭
314,轨
315,丸
316,妙
317,姿
318,竞
319,立
320,一
321,俄
322,倒
323,控
324,言
325,米
326,脱
327,力
328,仕
329,斗
330,汁
331,伞
332,胖
333,干
334,朝
335,萌
336,来
337,朝
338,克
339,验
340,目
341,顺
342,卡
343,卡
344,卡
345,田
346,够
347,重
348,等
349,夹
350,天
351,京
352,雪
353,妙
354,岳
355,吻
356,地
357,卜
358,胞
359,哗
360,吕
361,认
362,哆
363,崽
364,氙
365,汕
366,锺
367,陛
368,旦
369,夭
370,控
371,若
372,委
373,骚
374,恰
375,规
376,诘
377,崛
378,爻
379,年
380,歌
381,栏
382,瓶
383,善
384,扶
385,林
386,散
387,村
388,姚
389,鳞
390,良
391,恳
392,贺
393,苦
394,从
395,心
396,小
397,卉
398,榭
399,女
400,先
401,秦
402,告
403,铯
404,总
405,俭
406,羞
407,谬
408,妪
409,淄
410,变
411,兰
412,型
413,动
414,恽
415,士
416,夕
417,基
418,俯
419,双
420,翠
421,兰
422,期
423,钟
424,朕
425,腔
426,兴
427,洲
428,训
429,政
430,翠
431,谅
432,谅
433,谅
434,棉
435,棉
436,酝
437,浒
438,香
439,谟
440,讲
441,伺
442,恬
443,侏
444,百
445,舌
446,恬
447,辞
448,矛
449,忏
450,讼
451,腮
452,豆
453,伪
454,山
455,活
456,觉
457,哑
458,丛
459,糟
460,拾
461,田
462,步
463,踵
464,总
465,拜
466,腔
467,仿
468,督
469,图
470,懒
471,冰
472,最
473,汨
474,相
475,晶
476,忐
477,雄
478,利
479,瑛
480,未
481,日
482,干
483,智
484,哀
485,酱
486,由
487,阁
488,目
489,潘
490,必
491,苞
492,四
493,闵
494,姐
495,划
496,慎
497,任
498,吾
499,耍
500,晔
